front-end,catalogue,carts,orders,payment,shipping,user
0.012628447524683922,0.010493001513324999,0.02254753201958329,0.006236581978898147,0.002085311883245596,0.004062225905279776,0.008067836123169402
0.018686222502703697,0.010493001513324999,0.02254753201958329,,0.0020853118832455954,0.004062225905279775,0.008067836123169402
0.012668375714326604,0.010493001513325,0.02254753201958329,,0.0020853118832455946,0.005808785966364667,0.011267849574098364
0.012668375714326606,0.015309434168619917,0.01718117401005511,,0.002542271941367194,0.00415950222494599,0.008054088999201814
0.012668375714326606,0.01275699945242377,0.014315326492494026,0.03536709015341652,0.003755870317066183,0.00415950222494599,0.008054088999201812
0.012668375714326606,0.01275699945242377,0.014315326492494023,0.03536709015341652,0.0037558703170661833,0.004159502224945989,0.008054088999201812
0.01254231919752783,0.012756999452423772,0.014315326492494024,0.03536709015341652,0.0037558703170661838,0.004159502224945989,0.008054088999201812
0.00825227310346167,0.012756999452423768,0.014315326492494026,0.035367090153416526,0.0037558703170661833,0.0016391016144453633,0.010238055974673692
0.00825227310346167,0.006816533756455597,0.014941538435747633,0.03536709015341652,0.004059541159738412,0.0015775726850055542,0.007723128888639621
0.00825227310346167,0.005280878559951601,0.010920671657700628,0.04051963264708319,0.003107315625256992,0.0015775726850055542,0.00772312888863962
0.00825227310346167,0.005280878559951603,0.010920671657700628,0.04051963264708319,0.003107315625256992,0.0015775726850055542,0.00772312888863962
0.0018642958856530875,0.005280878559951602,0.010920671657700628,0.04051963264708319,0.0031073156252569923,0.0015775726850055542,0.00772312888863962
0.0025560783152067073,0.005280878559951603,0.010920671657700628,0.04051963264708319,0.0031073156252569923,0.0015064529743661597,0.0032263958690781146
0.002556078315206707,0.0054842261458955665,0.006543998263920003,0.040519632647083186,0.0034908513388060966,0.0015075503903963425,0.0030716076657041217
0.002556078315206707,0.004277136503857234,0.005505215261126019,0.03999456180405375,0.0038699296856196416,0.0015075503903963427,0.003071607665704122
0.002556078315206707,0.004277136503857233,0.005505215261126019,0.03999456180405375,0.003869929685619641,0.0015075503903963427,0.0030716076657041217
0.00276647704365243,0.004277136503857233,0.005505215261126019,0.03999456180405375,0.003869929685619641,0.0015075503903963427,0.003071607665704122
0.0030465078190022496,0.004277136503857233,0.005505215261126019,0.03999456180405375,0.003869929685619641,0.0014880691532907077,0.003120518239591127
0.0030465078190022505,0.0022487500615022142,0.0035690398841182473,0.04147535273225767,0.0030069057917362077,0.0016799909323941585,0.002693639249577049
0.0030465078190022496,0.0024928489428019856,0.0037903820410169465,0.04550858943156993,0.0024877723393154963,0.0016799909323941585,0.002693639249577049
0.0030465078190022496,0.002492848942801985,0.0037903820410169465,0.04550858943156993,0.0024877723393154963,0.0016799909323941594,0.0026936392495770485
0.0037455179199139817,0.0024928489428019856,0.0037903820410169465,0.04550858943156993,0.0024877723393154963,0.0016799909323941594,0.002693639249577049
0.003545099654895338,0.0024928489428019856,0.0037903820410169456,0.04550858943156993,0.0024877723393154968,0.001783297149047721,0.0022746821906160525
0.003545099654895338,0.002505971299493685,0.0039062057896901386,0.04649342685861137,0.003090550166889443,0.0017161264686662303,0.004057573241404231
0.003545099654895338,0.0041596067131946,0.006772073207453441,0.0553339342081737,0.0040587764719243365,0.0017161264686662307,0.00405757324140423
0.003545099654895338,0.0041596067131946,0.006772073207453441,0.055333934208173695,0.004058776471924336,0.0017161264686662307,0.004057573241404231
0.0033591766397734835,0.0041596067131945995,0.006772073207453441,0.055333934208173695,0.004058776471924336,0.0017161264686662307,0.00405757324140423
0.00486704147601914,0.0041596067131946,0.0067720732074534416,0.055333934208173695,0.0040587764719243365,0.0018381787883382376,0.004852204554187622
0.0048670414760191415,0.0054069823554812255,0.00865388890605854,0.06420206859694905,0.0037395969060889916,0.0017358108516440122,0.003986242656964083
0.004867041476019141,0.0051171411807419435,0.009966721559124432,0.05516716385274108,0.002810689797080532,0.0017358108516440122,0.003986242656964082
0.004867041476019141,0.0051171411807419435,0.009966721559124434,0.055167163852741063,0.002810689797080533,0.0017358108516440124,0.003986242656964082
0.005600259456930764,0.0051171411807419435,0.009966721559124436,0.055167163852741063,0.002810689797080533,0.0017358108516440124,0.003986242656964082
0.005184517199243859,0.0051171411807419435,0.009966721559124434,0.05516716385274108,0.002810689797080533,0.001548165149526374,0.005087003144860754
0.005184517199243857,0.00627118821814127,0.013084108845252726,0.05582246713844745,0.003529404072990671,0.0015624585539934096,0.005613415676702667
0.005184517199243857,0.004845757849737335,0.010026470433073285,0.05073766392848766,0.0026823292483556236,0.0015624585539934092,0.005613415676702668
0.005184517199243857,0.004845757849737336,0.010026470433073285,0.05073766392848766,0.0026823292483556236,0.0015624585539934092,0.005613415676702668
0.006042622298348426,0.004845757849737337,0.010026470433073285,0.05073766392848765,0.002682329248355624,0.0015624585539934096,0.005613415676702668
0.005221737988571384,0.004845757849737338,0.010026470433073285,0.05073766392848766,0.0026823292483556236,0.0015681620685057713,0.00456607102801298
0.005221737988571384,0.003466582890653517,0.008462361905557918,0.0404122687610334,0.0011471952171518934,0.001507570974184263,0.0038987880150513792
0.005221737988571385,0.00316896390948583,0.0074327766851827225,0.04351985002775021,0.0012206021066475032,0.001507570974184263,0.00389878801505138
0.005221737988571385,0.0031689639094858307,0.0074327766851827225,0.04351985002775021,0.001220602106647503,0.0015075709741842632,0.0038987880150513792
0.004070837100318749,0.00316896390948583,0.0074327766851827225,0.04351985002775021,0.001220602106647503,0.0015075709741842632,0.0038987880150513792
0.004329849650854832,0.0031689639094858307,0.007432776685182723,0.04351985002775021,0.0012206021066475028,0.0014880996172945019,0.004609133410752596
0.004329849650854832,0.002488899053053465,0.005061190410992711,0.04549288438807081,0.0012747982711670922,0.0017053753623090288,0.003944330800126087
0.004329849650854831,0.004415012306865879,0.006982954549922022,0.05414556512251076,0.006151633786740336,0.0017053753623090286,0.003944330800126087
0.004329849650854831,0.004415012306865879,0.006982954549922022,0.05414556512251076,0.006151633786740336,0.0017053753623090281,0.003944330800126087
0.004269751174910925,0.004415012306865879,0.006982954549922023,0.05414556512251075,0.006151633786740335,0.0017053753623090283,0.003944330800126087
0.006080745364308777,0.00441501230686588,0.006982954549922022,0.05414556512251076,0.006151633786740335,0.0017755327991194052,0.0023345407226089653
0.006080745364308776,0.0056416683091305275,0.008302113530254463,0.06100840373804783,0.009227047118435925,0.001767040016811734,0.0026559548955665383
0.006080745364308776,0.008153340071448838,0.00968008930764154,0.06207363917110986,0.009301652937328073,0.001767040016811734,0.0026559548955665383
0.006080745364308778,0.008153340071448837,0.00968008930764154,0.06207363917110987,0.009301652937328072,0.001767040016811734,0.0026559548955665383
0.007721837319709205,0.008153340071448838,0.00968008930764154,0.06207363917110987,0.009301652937328073,0.001767040016811734,0.0026559548955665383
0.005918652896598284,0.008153340071448838,0.00968008930764154,0.06207363917110986,0.009301652937328072,0.0019984603102901023,0.002831106991884077
0.005918652896598286,0.01151598949508625,0.012315458406585822,0.0689763028878906,0.014058524823866901,0.0017755776068414419,0.002576939773433631
0.005918652896598284,0.008153322441816272,0.00896811528173037,0.057614863870704414,0.009265924996067041,0.001775577606841442,0.0025769397734336304
0.005918652896598285,0.008153322441816272,0.008968115281730374,0.057614863870704414,0.009265924996067041,0.0017755776068414417,0.0025769397734336304
0.0062581598514258605,0.008153322441816272,0.008968115281730374,0.057614863870704414,0.009265924996067041,0.0017755776068414417,0.0025769397734336304
0.007060811128445763,0.008153322441816272,0.008968115281730374,0.0576148638707044,0.009265924996067041,0.0015699310337962665,0.002676129007699353
0.007060811128445764,0.0075225380883051024,0.0077107129114404715,0.05024520946216402,0.005183652517571792,0.0015338757014201425,0.004645332376565786
0.007060811128445764,0.005684842336691671,0.007835942492092324,0.04567246025627558,0.003711421314613997,0.0015338757014201423,0.004645332376565784
0.007060811128445764,0.00568484233669167,0.007835942492092322,0.045672460256275575,0.0037114213146139967,0.0015338757014201423,0.004645332376565784
0.0058054494336369986,0.005684842336691671,0.007835942492092322,0.04567246025627558,0.0037114213146139967,0.0015338757014201423,0.004645332376565784
0.0043155846196637196,0.00568484233669167,0.007835942492092322,0.04567246025627559,0.0037114213146139975,0.001448083623694256,0.005275892987352563
0.004315584619663719,0.002488899053051137,0.005867018240245524,0.0381319720919248,0.0011890505127504004,0.0014522191123546076,0.004250142143085927
0.004315584619663719,0.006181107883144963,0.0053816656502910796,0.039951913211891336,0.0012720613041971307,0.0014522191123546079,0.004250142143085927
0.004315584619663719,0.006181107883144963,0.005381665650291079,0.03995191321189134,0.0012720613041971305,0.0014522191123546076,0.004250142143085927
0.00490651550545299,0.0061811078831449625,0.0053816656502910796,0.03995191321189135,0.0012720613041971307,0.0014522191123546074,0.004250142143085925
0.005687219685237713,0.0061811078831449625,0.005381665650291079,0.03995191321189135,0.0012720613041971305,0.0014628021807147889,0.005266779744017404
0.005687219685237713,0.007924578537598719,0.006228458037307672,0.0403257407450722,0.0012690865943394602,0.004185085905511265,0.004461677153910776
0.005687219685237712,0.008728299059945025,0.01979465175602562,0.05306049189428978,0.004663219300615101,0.004185085905511266,0.0044616771539107754
0.005687219685237712,0.008728299059945025,0.01979465175602562,0.05306049189428978,0.004663219300615101,0.004185085905511266,0.0044616771539107754
0.004222597195598536,0.008728299059945025,0.01979465175602562,0.05306049189428978,0.004663219300615102,0.004185085905511266,0.0044616771539107754
0.004161666464478072,0.008728299059945025,0.01979465175602562,0.05306049189428978,0.004663219300615102,0.0056043813443697145,0.002396653668876515
0.004161666464478072,0.0124479326821906,0.026485080386099674,0.06229047338912811,0.006764796186344361,0.007430837701575002,0.00498258648897172
0.004161666464478073,0.012166839081651322,0.038236342269513696,0.07148204855725772,0.005795092197125703,0.007430837701575001,0.00498258648897172
0.004161666464478072,0.012166839081651322,0.03823634226951371,0.07148204855725772,0.005795092197125703,0.007430837701575001,0.00498258648897172
0.005883685228093753,0.01216683908165132,0.038236342269513696,0.07148204855725772,0.005795092197125703,0.007430837701575,0.00498258648897172
0.00518562298914997,0.01216683908165132,0.038236342269513696,0.07148204855725772,0.005795092197125703,0.011012839494281798,0.006779417897335645
0.00518562298914997,0.011089131377952935,0.059625286173699645,0.08997444278754843,0.008542518561808576,0.009039015606447157,0.011985027003492828
0.00518562298914997,0.008683433474503026,0.04600210330158214,0.08847534437605577,0.006897560082913385,0.009039015606447156,0.01198502700349283
0.00518562298914997,0.008683433474503026,0.04600210330158214,0.08847534437605577,0.006897560082913385,0.009039015606447157,0.01198502700349283
0.003731781717713198,0.008683433474503026,0.046002103301582144,0.08847534437605577,0.006897560082913385,0.009039015606447156,0.011985027003492828
0.00820316779835361,0.008683433474503026,0.046002103301582144,0.08847534437605578,0.006897560082913385,0.008375594346179342,0.01728286385063095
0.00820316779835361,0.00754222964599871,0.04127991459951781,0.08916479936314374,0.0034247873143629275,0.00852473582771615,0.01728286385063095
0.00820316779835361,0.008094695936605447,0.03143444632433918,0.08133058805035763,0.002690825286508008,0.00852473582771615,0.011987280433084254
0.00820316779835361,0.008094695936605445,0.03143444632433918,0.08133058805035763,0.0026908252865080083,0.00852473582771615,0.011987280433084255
0.010448773407624684,0.008094695936605445,0.03143444632433918,0.08133058805035763,0.0026908252865080083,0.00852473582771615,0.011987280433084254
0.008801945176414649,0.008094695936605447,0.03143444632433918,0.08133058805035762,0.002690825286508008,0.0068319246129555575,0.012165569964825406
0.00880194517641465,0.006571434481928011,0.01569467337416718,0.07635981552212798,0.002360579564870568,0.004786611769635667,0.01075149355325735
0.008801945176414649,0.007045624992663733,0.019798640359413713,0.06844418010243457,0.005036928417011833,0.004786611769635665,0.010751493553257352
0.00880194517641465,0.007045624992663734,0.019798640359413717,0.06844418010243457,0.005036928417011832,0.004786611769635666,0.010751493553257352
0.01071476269566269,0.007045624992663731,0.019798640359413713,0.06844418010243458,0.005036928417011833,0.004786611769635666,0.010751493553257354
0.012920849771212857,0.007045624992663734,0.019798640359413717,0.06844418010243457,0.005036928417011832,0.004841377370789732,0.005751112913752546
0.012920849771212857,0.008453260621254396,0.020844517999900822,0.06019047194389436,0.005696406876370681,0.007413772004350434,0.005751112913752547
0.012920849771212856,0.011622804736712901,0.023154776653519463,0.068927765459471,0.00553476492465838,0.007413772004350435,0.007898401465588024
0.012920849771212856,0.011622804736712901,0.02315477665351946,0.06892776545947098,0.00553476492465838,0.007413772004350434,0.007898401465588022
0.011461349364388886,0.011622804736712903,0.02315477665351946,0.06892776545947098,0.0055347649246583796,0.007413772004350436,0.007898401465588022
0.015448389726177661,0.011622804736712901,0.02315477665351946,0.06892776545947099,0.005534764924658381,0.006756906056668542,0.007898401465588024
0.015448389726177663,0.013066044915225937,0.027954153195988325,0.06954871378163016,0.007759497550710512,0.006587427819681277,0.011612509106851316
0.015448389726177663,0.011090927161768094,0.03197159130655074,0.07444812040720836,0.00608866703419127,0.006587427819681277,0.011612509106851313
0.015448389726177661,0.011090927161768096,0.031971591306550744,0.07444812040720838,0.00608866703419127,0.006587427819681277,0.011612509106851313
0.021823281740393632,0.011090927161768094,0.03197159130655074,0.07444812040720837,0.00608866703419127,0.006587427819681277,0.011612509106851314
0.022971994566691863,0.011090927161768096,0.031971591306550744,0.07444812040720838,0.00608866703419127,0.009946913187660458,0.013833256125727477
0.022971994566691866,0.013036177919847736,0.03485065356841613,0.08635694918938203,0.0036205580780823616,0.007197464464731248,0.013833256125727477
0.022971994566691866,0.01469517893828119,0.027361204319381487,0.07225877215074712,0.0031593759523758694,0.007197464464731248,0.01182675351403928
0.022971994566691866,0.01469517893828119,0.027361204319381483,0.07225877215074712,0.0031593759523758694,0.007197464464731248,0.01182675351403928
0.025033399076785253,0.01469517893828119,0.027361204319381487,0.07225877215074712,0.0031593759523758694,0.007197464464731248,0.011826753514039282
0.016092734021571232,0.01469517893828119,0.027361204319381487,0.07225877215074712,0.0031593759523758694,0.004116440791315032,0.01182675351403928
0.016092734021571232,0.012480515636914215,0.026678686351652443,0.06475011730502975,0.002221356067487872,0.0030899874453973633,0.011201217740127742
0.016092734021571232,0.008305124422588048,0.0174854837788539,0.05568512353875508,0.0018623102116416702,0.0030899874453973624,0.007514278801370892
0.016092734021571232,0.00830512442258805,0.017485483778853905,0.05568512353875507,0.0018623102116416704,0.0030899874453973624,0.007514278801370893
0.012601165070803484,0.008305124422588048,0.0174854837788539,0.055685123538755085,0.0018623102116416704,0.0030899874453973624,0.0075142788013708925
0.008668444377767558,0.00830512442258805,0.017485483778853905,0.05568512353875508,0.0018623102116416704,0.0018209910639508796,0.005150730368215591
0.008668444377767558,0.008932521397220072,0.008323582476222604,0.044082727698422745,0.0018458833678911713,0.002090141377126036,0.00515073036821559
0.008668444377767558,0.007348364897726294,0.009542137782193842,0.04879248737239408,0.0017261282426856376,0.002090141377126036,0.00681039313554613
0.008668444377767558,0.007348364897726295,0.009542137782193844,0.04879248737239408,0.0017261282426856376,0.002090141377126036,0.006810393135546131
0.0026127539533282334,0.007348364897726296,0.009542137782193844,0.048792487372394076,0.0017261282426856372,0.002090141377126036,0.006810393135546131
0.004046536544478446,0.007348364897726296,0.009542137782193842,0.04879248737239408,0.0017261282426856376,0.002021308600459673,0.006810393135546131
0.004046536544478446,0.003042941617003331,0.0077346136618083,0.04921580177118448,0.001381535691834237,0.002544840972404927,0.005894331406645032
0.004046536544478445,0.005330875742522592,0.024524025296573673,0.051856953720821594,0.0014580855274795215,0.002544840972404927,0.005196739619155062
0.004046536544478445,0.00533087574252259,0.02452402529657367,0.051856953720821594,0.0014580855274795215,0.0025448409724049266,0.00519673961915506
0.004414777851125965,0.005330875742522591,0.024524025296573666,0.051856953720821594,0.0014580855274795217,0.0025448409724049266,0.005196739619155062
0.007435593154845992,0.00533087574252259,0.02452402529657367,0.051856953720821594,0.0014580855274795215,0.0031620245865252353,0.005196739619155062
0.007435593154845992,0.007364235754089895,0.03783261972725014,0.058625045596336155,0.001536433045828016,0.0027479061857502525,0.00719293114253378
0.007435593154845992,0.007322465641105737,0.02600345482630428,0.05303071143126942,0.001472388205211246,0.0027479061857502525,0.0054514372762787386
0.007435593154845992,0.007322465641105737,0.026003454826304277,0.053030711431269424,0.001472388205211246,0.0027479061857502525,0.0054514372762787386
0.0108664192720936,0.007322465641105737,0.026003454826304277,0.053030711431269424,0.0014723882052112456,0.0027479061857502525,0.0054514372762787386
0.007526115818972947,0.007322465641105736,0.026003454826304277,0.053030711431269424,0.001472388205211246,0.0028104826621794406,0.0054514372762787386
0.007526115818972946,0.009043927910892915,0.033291441276203156,0.05009242534299743,0.0014876937793107407,0.002460216420442414,0.0030231888667966076
0.007526115818972947,0.007853047910964745,0.022081190807618174,0.047539362627372184,0.0016047620052887523,0.0024602164204424143,0.0029146332843742774
0.007526115818972947,0.007853047910964746,0.02208119080761817,0.04753936262737219,0.001604762005288753,0.002460216420442414,0.0029146332843742774
0.007462503337131541,0.007853047910964746,0.02208119080761817,0.04753936262737218,0.0016047620052887525,0.0024602164204424143,0.0029146332843742774
0.005690897306775548,0.007853047910964745,0.022081190807618174,0.047539362627372184,0.0016047620052887528,0.0019232376673438316,0.0029146332843742774
0.005690897306775548,0.006564613131105434,0.005083935222219443,0.04355517004006426,0.0015930067476187832,0.0026556564666049476,0.0026322811078935042
0.005690897306775548,0.005295930916771693,0.010344446480215184,0.05005234110731175,0.0016033798421042906,0.002655656466604948,0.0028327095036893815
0.005690897306775548,0.005295930916771693,0.010344446480215184,0.05005234110731176,0.0016033798421042902,0.002655656466604948,0.002832709503689382
0.002341593360734315,0.005295930916771693,0.010344446480215184,0.05005234110731176,0.0016033798421042902,0.0026556564666049476,0.0028327095036893815
0.004417849812838951,0.005295930916771694,0.010344446480215184,0.05005234110731176,0.0016033798421042902,0.002962926046831999,0.0028327095036893815
0.004417849812838951,0.0043174719820914705,0.012372579724625517,0.05322510108288853,0.0017274144705848099,0.007899128518293282,0.002980759245168883
0.004417849812838951,0.006842722507244838,0.01252305466858238,0.05734559740466576,0.001638493199575213,0.007899128518293283,0.003294778256249629
0.004417849812838951,0.006842722507244836,0.01252305466858238,0.05734559740466576,0.001638493199575213,0.007899128518293282,0.0032947782562496287
0.005671913052961993,0.006842722507244836,0.012523054668582381,0.05734559740466577,0.0016384931995752127,0.007899128518293282,0.0032947782562496287
0.006863903208727393,0.006842722507244836,0.012523054668582383,0.05734559740466576,0.0016384931995752127,0.011616340344414182,0.0032947782562496287
0.006863903208727393,0.007436434994751472,0.018081029170223337,0.06640036586131311,0.0015316434272855985,0.009272043618198948,0.0036422763800394026
0.006863903208727393,0.0060406498682122525,0.016180571206640647,0.06388401880627977,0.0018149533132071761,0.009272043618198948,0.006407220273854908
0.006863903208727393,0.006040649868212252,0.016180571206640643,0.06388401880627977,0.0018149533132071761,0.009272043618198948,0.006407220273854909
0.009937650681223854,0.0060406498682122525,0.016180571206640647,0.06388401880627977,0.0018149533132071761,0.009272043618198948,0.006407220273854909
0.007885665487267692,0.006040649868212252,0.016180571206640647,0.06388401880627977,0.0018149533132071761,0.012525653862244275,0.006407220273854909
0.007885665487267692,0.008141121648432762,0.012637654919313622,0.0633429229119356,0.0019077736806517348,0.008650633594554771,0.00822350116715595
0.007885665487267692,0.005976421813364141,0.013567741416290498,0.059572326494893545,0.0016389999114999228,0.008650633594554771,0.005840064700805669
0.007885665487267692,0.005976421813364142,0.013567741416290498,0.05957232649489355,0.001638999911499923,0.008650633594554771,0.005840064700805669
0.006903102390598647,0.005976421813364141,0.013567741416290498,0.05957232649489355,0.001638999911499923,0.008650633594554773,0.005840064700805669
0.005791684166850666,0.005976421813364141,0.0135677414162905,0.05957232649489355,0.0016389999114999228,0.0030962756850224523,0.005840064700805669
0.005791684166850666,0.002867207320245639,0.013830958783309063,0.055988174226229766,0.0017321933820666426,0.002460195417806972,0.006522027341942507
0.005791684166850667,0.002563176691046517,0.01002630581090759,0.051191318006434026,0.003225583260915508,0.0024601954178069723,0.004931111721080795
0.005791684166850666,0.002563176691046517,0.010026305810907589,0.05119131800643404,0.003225583260915508,0.0024601954178069723,0.004931111721080795
0.004361506752994549,0.002563176691046517,0.01002630581090759,0.051191318006434026,0.003225583260915509,0.002460195417806972,0.004931111721080795
0.004841356019615748,0.002563176691046517,0.01002630581090759,0.05119131800643404,0.003225583260915509,0.001673184969748642,0.004931111721080793
0.004841356019615747,0.0022888155214115975,0.009084966023480518,0.0481273153305224,0.003563187331261579,0.0015075083722539773,0.002128713184918743
0.004841356019615748,0.003797316627350244,0.0084115901557096,0.044593842477698625,0.002695242727785769,0.0015075083722539773,0.0019696159779835545
0.004841356019615748,0.0037973166273502436,0.008411590155709602,0.044593842477698625,0.0026952427277857696,0.0015075083722539773,0.0019696159779835536
0.004831698658250389,0.003797316627350243,0.008411590155709602,0.044593842477698625,0.002695242727785769,0.0015075083722539775,0.0019696159779835545
0.00422270360166606,0.0037973166273502436,0.008411590155709602,0.044593842477698625,0.002695242727785769,0.0013171625122844351,0.0019696159779835545
0.004222703601666061,0.004373471805586284,0.005352149441496854,0.04043613185144708,0.003389488465419093,0.004060569523465045,0.0017683943565422668
0.00422270360166606,0.008144175387172228,0.007870760265954803,0.04843720579184115,0.006005275433803463,0.004060569523465044,0.0021662126023900994
0.004222703601666061,0.008144175387172225,0.007870760265954803,0.048437205791841145,0.006005275433803462,0.004060569523465044,0.0021662126023900994
0.00440827578126541,0.008144175387172228,0.007870760265954804,0.04843720579184115,0.006005275433803462,0.004060569523465045,0.0021662126023900994
0.011970098494898895,0.008144175387172227,0.007870760265954804,0.048437205791841145,0.006005275433803464,0.005545897740207653,0.0021662126023900994
0.011970098494898895,0.01174606888226382,0.010401681779975082,0.05175755712735537,0.00616153357251148,0.010958308914984245,0.0023213157776415094
0.011970098494898896,0.010155439305569357,0.010401681779975082,0.07073244471089744,0.005207082175947532,0.010958308914984245,0.009170064260619842
0.011970098494898896,0.010155439305569357,0.018281485679106358,0.07073244471089744,0.005207082175947532,0.010958308914984245,0.009170064260619844
0.016839332563392994,0.010155439305569357,0.018281485679106358,0.07073244471089744,0.005207082175947532,0.010958308914984245,0.009170064260619842
0.012954027575079815,0.010155439305569357,0.018281485679106358,0.07073244471089744,0.005207082175947531,0.01800478921472677,0.009170064260619842
0.012954027575079819,0.012799149139003608,0.026819311473131706,0.09749111035790863,0.008404289700241537,0.013479852017459323,0.014591356363267147
0.012954027575079817,0.010418963107392371,0.026819311473131702,0.09197627123809349,0.006643892653221532,0.013479852017459321,0.011039837069679589
0.012954027575079817,0.010418963107392373,0.0261976115335576,0.09197627123809349,0.0066438926532215335,0.013479852017459323,0.011039837069679589
0.019789901984996198,0.010418963107392371,0.0261976115335576,0.0919762712380935,0.006643892653221533,0.013479852017459323,0.01103983706967959
0.02032261888730824,0.010418963107392374,0.026197611533557603,0.0919762712380935,0.006643892653221533,0.014824807467415027,0.01103983706967959
0.02032261888730824,0.005856304069789236,0.03204806917899986,0.099769860189192,0.0031493635741854735,0.01067154144005438,0.015152611426115445
0.02032261888730824,0.007849125954570439,0.03340593154408001,0.08884481135321312,0.0031491291614043544,0.010671541440054381,0.013480009636968911
0.02032261888730824,0.007849125954570439,0.03340593154408001,0.08884481135321311,0.0031491291614043544,0.01067154144005438,0.013480009636968911
0.013095322114695312,0.007849125954570439,0.03340593154408001,0.08884481135321311,0.0031491291614043544,0.01067154144005438,0.01348000963696891
0.012908316494070456,0.007849125954570439,0.03340593154408,0.08884481135321311,0.0031491291614043544,0.0036282305056487933,0.013480009636968911
0.01290831649407046,0.008719828264006585,0.03340593154408002,0.07616612604742022,0.00322922927703353,0.006726958551847255,0.007264289734836589
0.012908316494070458,0.011236545254903224,0.030650135814548486,0.07462671358110519,0.007854369836130732,0.006726958551847255,0.014353358856501507
0.01290831649407046,0.011236545254903226,0.04360599832139484,0.07462671358110516,0.007854369836130732,0.006726958551847255,0.014353358856501507
0.016771612443379127,0.011236545254903224,0.04360599832139485,0.07462671358110516,0.00785436983613073,0.006726958551847255,0.014353358856501507
0.017173021316292506,0.011236545254903224,0.04360599832139485,0.07462671358110518,0.007854369836130732,0.007875449016308671,0.014353358856501507
0.017173021316292506,0.013893289802958156,0.04360599832139485,0.06989014965594732,0.010122205638659782,0.022029061581991197,0.019113123150141048
0.017173021316292506,0.016654837039351052,0.05289735276935567,0.0790310930778855,0.008938948927821074,0.022029061581991197,0.024153718103697798
0.017173021316292503,0.016654837039351052,0.052149991110740104,0.07903109307788551,0.008938948927821072,0.0220290615819912,0.024153718103697798
0.015106483851727366,0.016654837039351052,0.052149991110740104,0.0790310930778855,0.008938948927821072,0.022029061581991197,0.0241537181036978
0.018463569681935233,0.016654837039351052,0.052149991110740104,0.0790310930778855,0.008938948927821072,0.031630350678800226,0.024153718103697798
0.01846356968193523,0.019841845204440794,0.06181804613781296,0.08518819909628199,0.012557849996210279,0.02375382486820588,0.032104971932096625
0.018463569681935233,0.020426383173872284,0.06181804613781295,0.08699514536384201,0.008774524045174476,0.023753824868205882,0.02500408841051439
0.018463569681935237,0.020426383173872287,0.05244729338663165,0.08699514536384204,0.008774524045174476,0.02375382486820588,0.02500408841051439
0.0219067234638666,0.020426383173872284,0.05244729338663164,0.08699514536384204,0.008774524045174476,0.023753824868205882,0.025004088410514387
0.01946740089083638,0.020426383173872287,0.05244729338663165,0.08699514536384201,0.008774524045174476,0.029487042045597364,0.025004088410514387
0.01946740089083638,0.021854220980800976,0.05244729338663164,0.09420268445207512,0.004038263048086425,0.020007505932180383,0.02313663675146424
0.01946740089083638,0.01928524637675016,0.04212782120379715,0.08519884655071937,0.0034229253133493728,0.020007505932180387,0.017502455036921535
0.01946740089083638,0.01928524637675016,0.03466650070316326,0.08519884655071938,0.0034229253133493736,0.020007505932180387,0.017502455036921535
0.020135181503870992,0.01928524637675016,0.03466650070316326,0.08519884655071937,0.0034229253133493736,0.020007505932180383,0.017502455036921535
0.013123993802526024,0.019285246376750158,0.03466650070316327,0.08519884655071937,0.0034229253133493736,0.0048431155415924465,0.017502455036921535
0.013123993802526024,0.017838903809056825,0.03466650070316327,0.07913595424481325,0.0022213690964716466,0.0037107871016367052,0.009225710111822183
0.013123993802526024,0.011956206249622242,0.026672117157990418,0.07011345077680262,0.0029996917292113307,0.0037107871016367057,0.006421507621222797
0.013123993802526024,0.01195620624962224,0.018485071467143042,0.0701134507768026,0.0029996917292113307,0.0037107871016367052,0.006421507621222797
0.008078689064582189,0.011956206249622242,0.01848507146714304,0.0701134507768026,0.0029996917292113307,0.0037107871016367057,0.006421507621222797
0.008977451846921919,0.011956206249622242,0.01848507146714304,0.07011345077680262,0.0029996917292113316,0.0028266519805959737,0.006421507621222797
0.008977451846921919,0.007852933021118155,0.01848507146714304,0.06069782762673812,0.003388770109797902,0.0030076272357022387,0.0042058787051882105
0.008977451846921919,0.007073933902245093,0.013376208804150915,0.07694880393488117,0.006594272851242567,0.0030076272357022387,0.00866968826930388
0.00897745184692192,0.007073933902245091,0.022030284570303798,0.07694880393488117,0.006594272851242568,0.0030076272357022387,0.008669688269303878
0.006545401977604342,0.007073933902245092,0.022030284570303794,0.07694880393488117,0.006594272851242568,0.0030076272357022387,0.008669688269303878
0.007099696903099792,0.007073933902245091,0.022030284570303798,0.07694880393488117,0.006594272851242568,0.002565293583867606,0.00866968826930388
0.007099696903099792,0.004042492502357899,0.022030284570303798,0.08113064672925542,0.008702983694715657,0.002565293583867606,0.00944522104257374
0.007099696903099791,0.006188113098154821,0.02205315538850291,0.08103400860972257,0.006681647094091751,0.006288946047244827,0.007252872669074173
0.007099696903099792,0.0061881130981548205,0.024169522291361996,0.08103400860972258,0.006681647094091751,0.006288946047244827,0.007252872669074173
0.009612339842526628,0.0061881130981548205,0.024169522291361992,0.08103400860972257,0.00668164709409175,0.006288946047244827,0.007252872669074176
0.00958732611131337,0.0061881130981548205,0.024169522291361992,0.08103400860972257,0.006681647094091751,0.008854296590449704,0.007252872669074173
0.009587326111313368,0.00811818879563974,0.024169522291361996,0.09695370649852472,0.008314721225009028,0.008854296590449704,0.01043455821670604
0.00958732611131337,0.006163248216697207,0.03551585030851359,0.08415237738786806,0.007882680080950477,0.008140449355930713,0.009974784384894884
0.009587326111313368,0.006163248216697208,0.042117937739935475,0.08415237738786806,0.007882680080950477,0.008140449355930711,0.009974784384894884
0.008993500461169363,0.006163248216697207,0.042117937739935475,0.08415237738786806,0.007882680080950477,0.008140449355930711,0.009974784384894884
0.006135489092601929,0.006163248216697208,0.042117937739935475,0.08415237738786806,0.007882680080950477,0.01015925500949379,0.009974784384894884
0.006135489092601929,0.006571388733017375,0.04211793773993549,0.07098864684529083,0.005015356153611461,0.010159255009493792,0.006070301727461074
0.00613548909260193,0.00482004724975118,0.04163789832350157,0.06411197298600844,0.0035824963747950003,0.006852069748810368,0.004957104920484947
0.006135489092601929,0.004820047249751181,0.026921167061179987,0.06411197298600846,0.0035824963747950003,0.00685206974881037,0.004957104920484947
0.005267812788079026,0.00482004724975118,0.02692116706117998,0.06411197298600846,0.0035824963747950003,0.00685206974881037,0.004957104920484947
0.005769626080279934,0.00482004724975118,0.026921167061179987,0.06411197298600846,0.003582496374795001,0.0068520697488103684,0.004957104920484947
0.005769626080279932,0.002266191119500233,0.026921167061179984,0.056842800997880145,0.003975630742274612,0.003983660904981662,0.0059188398520515564
0.005769626080279932,0.0026871960953685635,0.02618519935414256,0.06799526201984146,0.003324474586955286,0.0309209048360177,0.005822152362330598
0.005769626080279932,0.0026871960953685635,0.023125378298261237,0.06799526201984145,0.003324474586955286,0.03092090483601769,0.0058221523623305975
0.0040451174433842035,0.0026871960953685635,0.023125378298261244,0.06799526201984145,0.003324474586955286,0.0309209048360177,0.005822152362330598
0.005040788647314837,0.002687196095368563,0.023125378298261234,0.06799526201984145,0.003324474586955286,0.030920904836017695,0.005822152362330598
0.005040788647314837,0.0027955301765786394,0.023125378298261244,0.07111416602242164,0.0013988600487328687,0.04292763700587304,0.004062950007864163
0.005040788647314838,0.005270679539604669,0.008790593952181305,0.07142130899070183,0.001402189365288359,0.03301891100649617,0.004206441681040451
0.005040788647314836,0.005270679539604669,0.008229881867369252,0.07142130899070184,0.001402189365288359,0.03301891100649617,0.004206441681040451
0.007242386307703845,0.005270679539604668,0.008229881867369252,0.07142130899070186,0.0014021893652883587,0.03301891100649617,0.004206441681040451
0.006274474536354232,0.005270679539604668,0.008229881867369254,0.07142130899070184,0.001402189365288359,0.03301891100649617,0.004206441681040451
0.006274474536354232,0.007542071174794628,0.008229881867369252,0.08689612119745192,0.0015048990259683168,0.055775568052288796,0.005007530553612228
0.006274474536354233,0.00552737602041954,0.011082543963307722,0.13236310033573548,0.001307669792266097,0.036480100887376465,0.0038522132739729795
0.006274474536354233,0.00552737602041954,0.008483706482664024,0.13181600498012874,0.0013076697922660971,0.036480100887376465,0.00385221327397298
0.0058858615112387476,0.00552737602041954,0.008483706482664024,0.13148390734193213,0.001307669792266097,0.036480100887376465,0.0038522132739729795
0.004903594997747861,0.005527376020419541,0.008483706482664024,0.13126058749622016,0.001307669792266097,0.036480100887376465,0.0038522132739729795
0.00490359499774786,0.0063213012644439,0.008483706482664024,0.14818842768534077,0.0011814950210391544,0.005087411946185105,0.0032122602761845056
0.004903594997747861,0.004698817312436983,0.005413748379908792,0.09563564627468572,0.0013959541590214057,0.003727768965816722,0.0028498070101098463
0.004903594997747861,0.004698817312436983,0.0048156001700562865,0.09569045198023526,0.0013959541590214057,0.0037277689658167224,0.0028498070101098463
0.003822147843879922,0.004698817312436982,0.0048156001700562865,0.09573959710646535,0.0013959541590214057,0.003727768965816722,0.0028498070101098463
0.0027974988064982673,0.004698817312436982,0.0048156001700562865,0.09578444896009264,0.0013959541590214057,0.0037277689658167215,0.0028498070101098468
0.0027974988064982673,0.0022154820611419083,0.0048156001700562865,0.1017272602256871,0.0013910290944471491,0.0017439295579983003,0.0022155137944816186
0.0027974988064982677,0.0020756948185971357,0.0040492306113083035,0.0712891143712409,0.0013200864900840983,0.0014608025886247765,0.0021540256078021085
0.0027974988064982673,0.0020756948185971357,0.003697806823474427,0.07129094720818006,0.0013200864900840986,0.0014608025886247765,0.0021540256078021085
0.0023896120655699632,0.0020756948185971357,0.003697806823474427,0.07129094720818006,0.0013200864900840983,0.0014608025886247763,0.0021540256078021085
0.004347121513691982,0.0020756948185971357,0.0036978068234744276,0.07128911437124091,0.0013200864900840986,0.0014608025886247765,0.0021540256078021085
0.004347121513691982,0.002010157109316564,0.0036978068234744276,0.018245434222071345,0.0014547748495746277,0.0013502420494288137,0.0021256464447181383
0.004347121513691982,0.0025469310273859972,0.0034721983004167736,0.017381502443536406,0.0014922191926303346,0.0017385323408280354,0.0040878059170319
0.004347121513691983,0.0025469310273859977,0.006984150815947057,0.017381502443536406,0.0014922191926303344,0.0017385323408280354,0.0040878059170319
0.004718002831168998,0.0025469310273859972,0.006984150815947057,0.017381502443536406,0.0014922191926303348,0.001738532340828035,0.0040878059170319
0.00526837629766775,0.0025469310273859977,0.006984150815947057,0.0173815024435364,0.0014922191926303346,0.0017385323408280354,0.0040878059170319
0.005268376297667749,0.0027333959163224784,0.006984150815947057,0.014082317357534355,0.0013656468041832943,0.0017374579609138895,0.004986506135857198
0.005268376297667749,0.006718144707878201,0.008657239257348313,0.02051066624248735,0.0029017133101716516,0.003022676927446654,0.004204321655847265
0.005268376297667749,0.006718144707878202,0.021065027267453414,0.02051066624248735,0.0029017133101716516,0.003022676927446654,0.004204321655847265
0.007819155550183494,0.006718144707878201,0.021065027267453414,0.02051066624248735,0.002901713310171651,0.0030226769274466544,0.004204321655847265
0.006449343993114007,0.006718144707878204,0.021065027267453414,0.020510666242487346,0.002901713310171651,0.003022676927446654,0.004204321655847265
0.006449343993114006,0.009751799107008127,0.021065027267453414,0.024937818297419295,0.003965271108753292,0.004241599050186447,0.005641457901225381
0.006449343993114005,0.006865374331434449,0.0322177909188696,0.01984793460860358,0.003167847109349061,0.0033204110634311177,0.007058656301118282
0.006449343993114006,0.006865374331434449,0.02135921850308274,0.019847934608603582,0.0031678471093490607,0.0033204110634311185,0.0070586563011182804
0.0052415391441966806,0.006865374331434449,0.02135921850308274,0.01984793460860358,0.0031678471093490607,0.0033204110634311177,0.0070586563011182804
0.004779392656457442,0.006865374331434449,0.02135921850308274,0.01984793460860358,0.0031678471093490616,0.0033204110634311177,0.007058656301118283
0.004779392656457442,0.008323928873813915,0.02135921850308274,0.022004151132849124,0.00392690598606461,0.0037243654768337195,0.006261404472630997
0.004779392656457442,0.006141269721094028,0.02426421759676558,0.01713599708256318,0.002962752847680854,0.004857420861812509,0.004795751428894517
0.004779392656457441,0.006141269721094028,0.016797679384188087,0.01713599708256318,0.0029627528476808542,0.004857420861812509,0.004795751428894517
0.004045650324504821,0.006141269721094028,0.016797679384188087,0.017135997082563175,0.002962752847680854,0.004857420861812508,0.004795751428894517
0.0037586917196721077,0.006141269721094027,0.016797679384188087,0.017135997082563175,0.002962752847680854,0.004857420861812509,0.004795751428894517
0.0037586917196721077,0.002241165072433292,0.016797679384188087,0.00947992772264167,0.0015683220488874492,0.004306099469026085,0.0057753248800760885
0.0037586917196721077,0.002391001668058667,0.003703048958219789,0.01992101482986122,0.0015055471047518566,0.004545453064586342,0.005019660808786283
0.0037586917196721077,0.0023910016680586663,0.003823590228123449,0.01992101482986122,0.0015055471047518566,0.004545453064586342,0.005019660808786283
0.0035821197067824662,0.002391001668058667,0.00382359022812345,0.019921014829861222,0.0015055471047518566,0.004545453064586342,0.005019660808786284
0.004643725328856298,0.002391001668058667,0.0038235902281234494,0.01992101482986122,0.0015055471047518566,0.004545453064586342,0.005019660808786284
0.0046437253288562986,0.0024889246945851485,0.0038235902281234494,0.02443519098222272,0.0013109872618608642,0.005890323823143262,0.002768936496863607
0.004643725328856298,0.005090341566389959,0.0038262643544055754,0.04411097555103627,0.0016332727973141507,0.009173592472431158,0.0028136695756196895
0.004643725328856297,0.005090341566389958,0.004147161457297625,0.04411097555103627,0.0016332727973141507,0.009173592472431158,0.0028136695756196895
0.0050176636766021444,0.005090341566389959,0.004147161457297625,0.04411097555103627,0.001633272797314151,0.009173592472431158,0.0028136695756196895
0.004818239231200211,0.005090341566389959,0.004147161457297626,0.04411097555103627,0.0016332727973141507,0.009173592472431158,0.0028136695756196895
0.004818239231200212,0.006751209498271981,0.004147161457297626,0.0651401693349784,0.001855649230407752,0.010529375623235903,0.003191905571494274
0.004818239231200212,0.005209222769878312,0.00447778172273882,0.04803467820573981,0.001864593574518637,0.007564424081028639,0.0028430989077366095
0.004818239231200212,0.005209222769878311,0.004326532189888359,0.04803467820573981,0.001864593574518637,0.007564424081028639,0.002843098907736609
0.005810263994006055,0.005209222769878311,0.004326532189888359,0.048034678205739804,0.001864593574518637,0.007564424081028639,0.0028430989077366095
0.004272909257785012,0.005209222769878312,0.004326532189888359,0.04803467820573981,0.001864593574518637,0.007564424081028639,0.002843098907736609
0.004272909257785012,0.006569354666949948,0.004326532189888359,0.051353668763568255,0.0021228851477676273,0.009076368777607886,0.0025489408641429195
0.004272909257785012,0.004976032815273253,0.004458406304601256,0.05987587377893597,0.00177616853637072,0.006448813875298261,0.004209045427729826
0.004272909257785013,0.004976032815273253,0.004220704413727591,0.05987587377893597,0.00177616853637072,0.006448813875298261,0.004209045427729827
0.0029811179006508995,0.0049760328152732534,0.004220704413727591,0.05987587377893596,0.00177616853637072,0.006448813875298261,0.004209045427729826
0.0032158843718106084,0.0049760328152732534,0.004220704413727592,0.05987587377893596,0.0017761685363707196,0.006448813875298261,0.004209045427729828
0.0032158843718106084,0.0023288924430217594,0.004220704413727592,0.04650604850128229,0.0015110412965400612,0.0017566150897643331,0.004666647655733396
0.0032158843718106084,0.0023119910178801017,0.003929224493407528,0.0327670335370596,0.0013727155746172156,0.0016428004587651234,0.003726836819752442
0.0032158843718106084,0.0023119910178801017,0.003759727912211689,0.0327670335370596,0.0013727155746172156,0.0016428004587651234,0.0037268368197524424
0.0026342478144622873,0.002311991017880102,0.003759727912211689,0.03276703353705959,0.0013727155746172156,0.0016428004587651234,0.003726836819752442
0.002372215469358101,0.002311991017880102,0.003759727912211689,0.03276703353705959,0.0013727155746172154,0.0016428004587651234,0.003726836819752442
0.002372215469358101,0.0022795651332909563,0.003759727912211689,0.03988069050307585,0.0011090679918508977,0.0015281765389093197,0.004450434234949241
0.002372215469358101,0.0026280675011882055,0.003626106311849771,0.03127058768806123,0.001168517778073793,0.0063133128368377525,0.004045400401840074
